ingredient,calories_per_g,fat_per_g,carbs_per_g,protein_per_g,fiber_per_g,source,usda_fdc_id,usda_description,csv_calories_per100g,usda_calories_per100g,calorie_diff_pct,reason
agave nectar,3.1,0.005,0.763,0.001,0.002,usda,170277,"Sweetener, syrup, agave",310.0,310,0.0%,
alcohol,0.43,0.0,0.026,0.0,0.0,usda,174145,"Alcoholic beverage, beer, light, higher alcohol",43.0,46.0,7.0%,
alfalfa,0.23,0.007,0.022,0.04,0.019,usda,168384,"Alfalfa seeds, sprouted, raw",23.0,23.0,0.0%,
almond butter,6.14,0.559,0.189,0.21,0.104,usda,2261420,"Flour, almond",614.0,622,1.3%,
almonds,5.79,0.498,0.217,0.212,0.125,usda,170567,"Nuts, almonds",579.0,579,0.0%,
american cheese,3.07,0.239,0.046,0.183,0.0,usda,2647439,"Cheese, pasteurized process cheese food or product, American, singles",307.0,310,1.0%,
anchovies,2.1,0.097,0.0,0.289,0.0,usda,174183,"Fish, anchovy, european, canned in oil, drained solids",210.0,210,0.0%,
apple,0.52,0.002,0.138,0.003,0.024,usda,171689,"Apples, raw, without skin",52.0,48.0,7.7%,
apple cider,0.48,0.001,0.117,0.001,0.001,usda,170959,"Babyfood, juice, apple",48.0,47.0,2.1%,
apple juice,0.46,0.001,0.114,0.001,0.002,usda,171381,"Babyfood, juice, apple and grape",46.0,46.0,0.0%,
apple pie,2.37,0.11,0.34,0.019,0.015,usda,175011,"Pie, apple, commercially prepared, enriched flour",237.0,237,0.0%,
apricots,0.48,0.004,0.111,0.014,0.02,usda,2710815,"Apricot, with skin, raw",48.0,48.4,0.8%,
artichokes,0.47,0.002,0.107,0.033,0.054,usda,169311,"Artichokes, (globe or french), cooked, boiled, drained, with salt",47.0,51.0,8.5%,
asparagus,0.2,0.001,0.039,0.022,0.021,usda,169313,"Asparagus, cooked, boiled, drained, with salt",20.0,22.0,10.0%,
avocado,1.6,0.147,0.085,0.02,0.067,usda,171705,"Avocados, raw, all commercial varieties",160.0,160,0.0%,
bagels,2.57,0.013,0.501,0.1,0.022,usda,172666,"Bagels, oat bran",257.0,255,0.8%,
baked potatoes,0.93,0.001,0.213,0.025,0.022,usda,170093,"Potatoes, baked, flesh and skin, without salt",93.0,93.0,0.0%,
balsamic vinegar,0.88,0.0,0.171,0.005,0.0,usda,173469,"Vinegar, cider",88.0,90.0,2.3%,
banana,0.89,0.003,0.228,0.011,0.026,usda,173944,"Bananas, raw",89.0,89.0,0.0%,
banana with peel,0.89,0.003,0.228,0.011,0.026,usda,169103,"Orange peel, raw",89.0,97.0,9.0%,
barbecue sauce,1.72,0.006,0.407,0.011,0.006,usda,171829,"Sauce, barbecue, KC MASTERPIECE, original",172.0,160,7.0%,
barley,3.54,0.023,0.734,0.124,0.172,usda,170283,"Barley, hulled",354.0,354,0.0%,
bean sprouts,0.31,0.002,0.058,0.031,0.018,usda,169213,"Beans, kidney, mature seeds, sprouted, raw",31.0,29.0,6.5%,
bean(seed),3.47,0.015,0.63,0.213,0.155,usda,173751,"Beans, yellow, mature seeds, raw",347.0,345,0.6%,
beef,2.5,0.15,0.0,0.26,0.0,usda,170602,"Beef, cured, corned beef, canned",250.0,250,0.0%,
beer,0.43,0.0,0.036,0.005,0.0,usda,168746,"Alcoholic beverage, beer, regular, all",43.0,43.0,0.0%,
beets,0.43,0.002,0.097,0.016,0.028,usda,169145,"Beets, raw",43.0,43.0,0.0%,
bison,1.43,0.028,0.0,0.286,0.0,usda,173852,"Game meat, bison, separable lean only, cooked, roasted",143.0,143,0.0%,
black beans,1.32,0.005,0.239,0.088,0.087,usda,175237,"Beans, black, mature seeds, cooked, boiled, with salt",132.0,132,0.0%,
blue cheese,3.53,0.289,0.024,0.214,0.0,usda,171966,"Crustaceans, crab, blue, canned",353.0,347,1.7%,
blueberries,0.57,0.003,0.144,0.007,0.024,usda,171711,"Blueberries, raw",57.0,57.0,0.0%,
blueberry pie,2.32,0.1,0.35,0.02,0.012,usda,172778,"Pie, blueberry, commercially prepared",232.0,232,0.0%,
bok choy,0.13,0.002,0.022,0.015,0.01,usda,170390,"Cabbage, chinese (pak-choi), raw",13.0,13.0,0.0%,
brazil nuts,6.59,0.672,0.12,0.143,0.076,usda,170591,"Nuts, pine nuts, dried",659.0,673,2.1%,
bread,2.66,0.032,0.491,0.089,0.027,usda,172678,"Bread, oatmeal",266.0,269,1.1%,
bread crumbs,3.95,0.054,0.722,0.132,0.044,usda,167944,"Bread, cheese",395.0,408,3.3%,
brisket,2.46,0.147,0.0,0.268,0.0,usda,170200,"Beef, cured, corned beef, brisket, cooked",246.0,251,2.0%,
broccoli,0.34,0.004,0.066,0.028,0.026,usda,170379,"Broccoli, raw",34.0,34.0,0.0%,
brown sugar,3.8,0.0,0.982,0.001,0.0,usda,174659,"Cereals ready-to-eat, QUAKER, Maple Brown Sugar LIFE Cereal",380.0,373,1.8%,
brownies,4.05,0.179,0.582,0.05,0.019,usda,172713,"Cookies, brownies, commercially prepared",405.0,405,0.0%,
brussels sprouts,0.43,0.003,0.089,0.034,0.038,usda,170383,"Brussels sprouts, raw",43.0,43.0,0.0%,
bulgur,0.83,0.002,0.189,0.031,0.046,usda,170287,"Bulgur, cooked",83.0,83.0,0.0%,
buns,2.79,0.046,0.491,0.089,0.02,usda,172084,"Fast foods, cheeseburger; double, regular patty; double decker bun with condiments and special sauce",279.0,261,6.5%,
burgers,2.95,0.174,0.037,0.268,0.0,usda,170731,"BURGER KING, Chicken Strips",295.0,292,1.0%,
burritos,1.8,0.071,0.218,0.075,0.025,usda,170735,"TACO BELL, BURRITO SUPREME with beef",180.0,183,1.7%,
butter,7.17,0.813,0.001,0.009,0.0,usda,168816,"Fruit butters, apple",717.0,724,1.0%,
buttermilk,0.4,0.009,0.048,0.033,0.0,usda,170874,"Milk, buttermilk, fluid, cultured, lowfat",40.0,40.0,0.0%,
cakes,3.57,0.149,0.504,0.052,0.008,usda,172699,"Cake, coffeecake, cheese",357.0,339,5.0%,
camembert cheese,3.0,0.244,0.005,0.198,0.0,usda,172178,"Cheese, camembert",300.0,300,0.0%,
candies,4.66,0.195,0.706,0.041,0.008,usda,167985,"Candies, 5TH AVENUE Candy Bar",466.0,482,3.4%,
carp,1.27,0.056,0.0,0.179,0.0,usda,171952,"Fish, carp, raw",127.0,127,0.0%,
carrot,0.41,0.002,0.096,0.009,0.028,usda,2258587,"Carrots, baby, raw",41.0,40.8,0.5%,
carrot cake,3.83,0.17,0.54,0.042,0.012,usda,174932,"Cake, pudding-type, carrot, dry mix",383.0,415,8.4%,
cashews,5.53,0.438,0.303,0.182,0.033,usda,170162,"Nuts, cashew nuts, raw",553.0,553,0.0%,
catfish,1.05,0.028,0.0,0.184,0.0,usda,173714,"Fish, catfish, channel, wild, cooked, dry heat",105.0,105,0.0%,
cauliflower,0.25,0.003,0.05,0.019,0.02,usda,169986,"Cauliflower, raw",25.0,25.0,0.0%,
celery,0.14,0.002,0.03,0.007,0.016,usda,169988,"Celery, raw",14.0,14.0,0.0%,
celery root,0.42,0.003,0.092,0.015,0.018,usda,171871,"Beverages, carbonated, root beer",42.0,41.0,2.4%,
cereal,3.79,0.044,0.842,0.078,0.051,usda,169040,"Cereals ready-to-eat, WEETABIX whole grain cereal",379.0,371,2.1%,
cereal bars,4.07,0.1,0.72,0.055,0.025,usda,174650,Milk and cereal bar,407.0,413,1.5%,
chard,0.19,0.002,0.036,0.018,0.016,usda,169991,"Chard, swiss, raw",19.0,19.0,0.0%,
chayote squash,0.19,0.001,0.044,0.008,0.017,usda,170402,"Chayote, fruit, raw",19.0,19.0,0.0%,
cheddar cheese,4.03,0.331,0.013,0.249,0.0,usda,170899,"Cheese, cheddar, sharp, sliced",403.0,410,1.7%,
cheese,3.56,0.282,0.024,0.227,0.0,usda,172176,"Cheese, brick",356.0,371,4.2%,
cheese pizza,2.66,0.102,0.308,0.113,0.021,usda,172040,"PIZZA HUT 12"" Cheese Pizza, Hand-Tossed Crust",266.0,271,1.9%,
cheeseburgers,3.03,0.145,0.233,0.155,0.012,usda,170294,"Fast foods, cheeseburger; single, large patty; plain",303.0,310,2.3%,
cheesecake,3.21,0.228,0.254,0.057,0.004,usda,172711,"Cake, cheesecake, commercially prepared",321.0,321,0.0%,
cherries,0.63,0.002,0.16,0.011,0.021,usda,171719,"Cherries, sweet, raw",63.0,63.0,0.0%,
cherry pie,2.6,0.11,0.38,0.025,0.01,usda,172780,"Pie, cherry, commercially prepared",260.0,260,0.0%,
chestnuts,2.13,0.022,0.447,0.027,0.082,usda,170164,"Nuts, chestnuts, chinese, raw",213.0,224,5.2%,
chia seeds,4.86,0.306,0.421,0.169,0.343,usda,170554,"Seeds, chia seeds, dried",486.0,486,0.0%,
chicken,2.39,0.137,0.0,0.274,0.0,usda,171624,"Frankfurter, chicken",239.0,223,6.7%,
chicken breast,1.65,0.036,0.0,0.31,0.0,usda,171125,"Chicken, broiler, rotisserie, BBQ, breast, meat and skin",165.0,175,6.1%,
chicken nuggets,2.97,0.17,0.168,0.155,0.009,usda,170795,"School Lunch, chicken nuggets, whole grain breaded",297.0,270,9.1%,
chicken thighs,2.29,0.153,0.0,0.235,0.0,usda,171127,"Chicken, broiler, rotisserie, BBQ, thigh, meat and skin",229.0,226,1.3%,
chicken wings,2.66,0.177,0.0,0.262,0.0,usda,173631,"Chicken, broilers or fryers, wing, meat and skin, cooked, stewed",266.0,249,6.4%,
chickpeas,1.64,0.026,0.274,0.089,0.075,usda,173757,"Chickpeas (garbanzo beans, bengal gram), mature seeds, cooked, boiled, without salt",164.0,164,0.0%,
chips,5.36,0.349,0.499,0.067,0.045,usda,174791,"Snacks, vegetable chips, HAIN CELESTIAL GROUP, TERRA CHIPS",536.0,517,3.5%,
chive,0.3,0.007,0.044,0.033,0.026,usda,169994,"Chives, raw",30.0,30.0,0.0%,
chocolate,5.46,0.31,0.599,0.049,0.07,usda,167571,"Candies, white chocolate",546.0,539,1.3%,
chocolate cake,3.89,0.163,0.573,0.049,0.024,usda,174935,"Cake, pudding-type, chocolate, dry mix",389.0,391,0.5%,
chocolate chip cookies,4.88,0.23,0.64,0.052,0.023,usda,174954,"Cookies, chocolate chip, refrigerated dough, baked",488.0,492,0.8%,
chowders,0.93,0.048,0.087,0.037,0.005,usda,171585,"Soup, chicken corn chowder, chunky, ready-to-serve, single brand",93.0,99.0,6.5%,
cilantro,0.23,0.005,0.037,0.021,0.028,usda,169997,"Coriander (cilantro) leaves, raw",23.0,23.0,0.0%,
clams,0.86,0.01,0.038,0.148,0.0,usda,174556,"CAMPBELL'S CHUNKY, New England Clam Chowder",86.0,81.0,5.8%,
cocoa,2.28,0.138,0.577,0.197,0.333,usda,169594,"Cocoa, dry powder, unsweetened, processed with alkali",228.0,220,3.5%,
coconut milk,1.97,0.214,0.027,0.022,0.0,usda,170173,"Nuts, coconut milk, canned (liquid expressed from grated meat and water)",197.0,197,0.0%,
coconuts,3.54,0.334,0.154,0.033,0.09,usda,170171,"Nuts, coconut cream, canned, sweetened",354.0,357,0.8%,
cod,0.82,0.007,0.0,0.179,0.0,usda,175178,"Fish, cod, Pacific, cooked",82.0,84.0,2.4%,
colby cheese,3.94,0.324,0.027,0.237,0.0,usda,173413,"Cheese, caraway",394.0,376,4.6%,
collards,0.32,0.006,0.057,0.03,0.04,usda,168523,"Collards, cooked, boiled, drained, with salt",32.0,33.0,3.1%,
cookies,4.81,0.23,0.628,0.054,0.019,usda,170975,"Babyfood, cookies",481.0,433,10.0%,
corn chips,5.15,0.259,0.606,0.068,0.049,usda,167538,"Snacks, corn-based, extruded, chips, barbecue-flavor",515.0,523,1.6%,
corn dogs,2.62,0.119,0.319,0.076,0.02,usda,174090,"Rolls, hamburger or hot dog, whole wheat",262.0,269,2.7%,
corn on the cob,0.96,0.015,0.209,0.034,0.024,usda,169349,"Corn, sweet, yellow, frozen, kernels on cob, cooked, boiled, drained, with salt",96.0,94.0,2.1%,
corned beef,2.51,0.187,0.005,0.183,0.0,usda,170200,"Beef, cured, corned beef, brisket, cooked",251.0,251,0.0%,
cornmeal,3.62,0.037,0.769,0.084,0.073,usda,169697,"Cornmeal, whole-grain, yellow",362.0,362,0.0%,
cottage cheese,0.98,0.042,0.034,0.112,0.0,usda,172179,"Cheese, cottage, creamed, large or small curd",98.0,98.0,0.0%,
couscous,1.12,0.002,0.232,0.038,0.014,usda,169700,"Couscous, cooked",112.0,112,0.0%,
crab,0.97,0.012,0.0,0.193,0.0,usda,171969,"Crustaceans, crab, queen, raw",97.0,90.0,7.2%,
crackers,4.84,0.205,0.637,0.097,0.024,usda,171838,"Crackers, multigrain",484.0,482,0.4%,
cranberry juice,0.46,0.001,0.123,0.004,0.001,usda,173654,"Cranberry juice cocktail, frozen concentrate, prepared with water",46.0,47.0,2.2%,
cream,3.4,0.365,0.028,0.021,0.0,usda,2346386,"Cream, heavy",340.0,343,0.9%,
cream cheese,3.42,0.342,0.041,0.058,0.0,usda,2346385,"Cream cheese, full fat, block",342.0,343,0.3%,
crispbread,3.66,0.014,0.788,0.096,0.146,usda,172739,"Crackers, crispbread, rye",366.0,366,0.0%,
croissants,4.06,0.21,0.456,0.082,0.024,usda,174987,"Croissants, butter",406.0,406,0.0%,
croutons,4.07,0.079,0.732,0.116,0.04,usda,172751,"Croutons, plain",407.0,407,0.0%,
cucumbers,0.15,0.001,0.036,0.007,0.005,usda,2346406,"Cucumber, with peel, raw",15.0,15.9,6.0%,
dark chocolate,5.98,0.427,0.458,0.079,0.109,usda,170273,"Chocolate, dark, 70-85% cacao solids",598.0,598,0.0%,
dates,2.82,0.004,0.75,0.024,0.08,usda,168191,"Dates, medjool",282.0,277,1.8%,
donuts,4.21,0.224,0.487,0.061,0.014,usda,172758,"Doughnuts, yeast-leavened, glazed, enriched (includes honey buns)",421.0,421,0.0%,
duck,3.37,0.282,0.0,0.195,0.0,usda,172409,"Duck, domesticated, meat and skin, cooked, roasted",337.0,337,0.0%,
edamame,1.21,0.052,0.089,0.119,0.051,usda,168410,"Edamame, frozen, unprepared",121.0,109,9.9%,
eel,2.36,0.148,0.0,0.237,0.0,usda,174194,"Fish, eel, mixed species, cooked, dry heat",236.0,236,0.0%,
egg rolls,2.22,0.087,0.289,0.064,0.018,usda,172103,"Egg rolls, pork, refrigerated, heated",222.0,227,2.3%,
egg whites,0.52,0.002,0.007,0.109,0.0,usda,172183,"Egg, white, raw, fresh",52.0,52.0,0.0%,
eggnog,0.88,0.047,0.08,0.034,0.0,usda,171258,Eggnog,88.0,88.0,0.0%,
eggplant,0.25,0.002,0.059,0.01,0.03,usda,2685577,"Eggplant, raw",25.0,26.1,4.4%,
endive,0.17,0.002,0.033,0.013,0.031,usda,168412,"Endive, raw",17.0,17.0,0.0%,
energy drinks,0.45,0.0,0.112,0.001,0.0,usda,174108,"Beverages,  Energy drink, Citrus",45.0,45.0,0.0%,
english muffins,2.27,0.02,0.442,0.083,0.024,usda,172761,"Muffins, English, wheat",227.0,223,1.8%,
falafel,3.33,0.178,0.317,0.133,0.04,usda,172455,"Falafel, home-prepared",333.0,333,0.0%,
feta cheese,2.64,0.213,0.041,0.141,0.0,usda,2259796,"Cheese, feta, whole milk, crumbled",264.0,273,3.4%,
fish oil,9.02,1.0,0.0,0.0,0.0,usda,173708,"Fish, tuna, light, canned in oil, drained solids",902.0,830,8.0%,
flounder,0.86,0.012,0.0,0.181,0.0,usda,174197,"Fish, flatfish (flounder and sole species), cooked, dry heat",86.0,86.0,0.0%,
flour,3.64,0.01,0.762,0.102,0.027,usda,2512376,"Flour, barley",364.0,367,0.8%,
french dressing,2.22,0.172,0.158,0.006,0.002,usda,171404,"Salad dressing, french dressing, reduced fat",222.0,222,0.0%,
french fries,3.12,0.148,0.412,0.033,0.038,usda,170698,"Fast foods, potato, french fried in vegetable oil",312.0,312,0.0%,
french toast,2.29,0.078,0.324,0.074,0.01,usda,174998,"French toast, prepared from recipe, made with low fat (2%) milk",229.0,229,0.0%,
fried chicken,2.97,0.167,0.115,0.238,0.004,usda,169842,"CRACKER BARREL, chicken tenderloin platter, fried",297.0,293,1.3%,
fried eggs,1.96,0.149,0.008,0.136,0.0,usda,173423,"Egg, whole, cooked, fried",196.0,196,0.0%,
frostings,3.95,0.12,0.7,0.01,0.001,usda,168795,"Frostings, chocolate, creamy, ready-to-eat",395.0,397,0.5%,
frozen yogurt,1.59,0.04,0.277,0.037,0.0,usda,168815,"Frozen yogurts, vanilla, soft-serve",159.0,159,0.0%,
fruit cocktail,0.5,0.001,0.126,0.004,0.01,usda,174668,"Fruit cocktail, (peach and pineapple and pear and grape and cherry), canned, juice pack, solids and liquids",50.0,46.0,8.0%,
fruit punch,0.48,0.0,0.119,0.001,0.001,usda,171914,"Beverages, fruit punch drink, without added nutrients, canned",48.0,48.0,0.0%,
fruit salad,0.5,0.002,0.126,0.005,0.012,usda,174670,"Fruit salad, (peach and pear and apricot and pineapple and cherry), canned, juice pack, solids and liquids",50.0,50.0,0.0%,
fudge,4.11,0.106,0.749,0.023,0.01,usda,167987,"Candies, fudge, chocolate, prepared-from-recipe",411.0,410,0.2%,
garlic bread,3.5,0.157,0.44,0.083,0.022,usda,167939,"Garlic bread, frozen",350.0,350,0.0%,
gelatin,3.35,0.0,0.0,0.857,0.0,usda,169693,"Gelatin desserts, dry mix, reduced calorie, with aspartame, no added sodium",335.0,345,3.0%,
ginger,0.8,0.008,0.178,0.018,0.02,usda,169231,"Ginger root, raw",80.0,80.0,0.0%,
goat cheese,3.64,0.298,0.012,0.218,0.0,usda,172176,"Cheese, brick",364.0,371,1.9%,
gorgonzola cheese,3.53,0.289,0.024,0.214,0.0,usda,172176,"Cheese, brick",353.0,371,5.1%,
gouda cheese,3.56,0.274,0.022,0.249,0.0,usda,172176,"Cheese, brick",356.0,371,4.2%,
granola,4.89,0.198,0.648,0.126,0.07,usda,169681,"Snacks, granola bars, hard, peanut butter",489.0,483,1.2%,
granola bars,4.71,0.196,0.642,0.085,0.04,usda,167542,"Snacks, granola bars, hard, plain",471.0,471,0.0%,
grape juice,0.6,0.001,0.149,0.004,0.001,usda,173042,"Grape juice, canned or bottled, unsweetened, without added ascorbic acid",60.0,60.0,0.0%,
grapefruit juice,0.39,0.001,0.093,0.005,0.001,usda,173039,"Grapefruit juice, white, raw",39.0,39.0,0.0%,
grapefruits,0.42,0.001,0.109,0.008,0.016,usda,173039,"Grapefruit juice, white, raw",42.0,39.0,7.1%,
greek yogurt,0.97,0.05,0.036,0.09,0.0,usda,170907,"Yogurt, Greek, vanilla, lowfat",97.0,95.0,2.1%,
green beans,0.31,0.001,0.07,0.018,0.032,usda,169965,"Beans, snap, green, microwaved",31.0,33.0,6.5%,
green onions,0.32,0.002,0.073,0.018,0.026,usda,170007,"Onions, welsh, raw",32.0,34.0,6.2%,
green peas,0.81,0.004,0.144,0.054,0.051,usda,170419,"Peas, green, raw",81.0,81.0,0.0%,
grilled chicken,1.9,0.071,0.0,0.296,0.0,usda,170368,"Fast Foods, grilled chicken filet sandwich, with lettuce, tomato and spread",190.0,182,4.2%,
ground beef,2.54,0.175,0.0,0.261,0.0,usda,2514744,"Beef, ground, 80% lean meat / 20% fat, raw",254.0,243,4.3%,
ground chicken,1.69,0.083,0.0,0.207,0.0,usda,174481,"Ostrich, ground, raw",169.0,165,2.4%,
ground pork,2.63,0.202,0.0,0.196,0.0,usda,167902,"Pork, fresh, ground, raw",263.0,263,0.0%,
ground turkey,1.7,0.084,0.0,0.219,0.0,usda,2514747,"Turkey, ground, 93% lean/ 7% fat, raw",170.0,153,10.0%,
haddock,0.9,0.008,0.0,0.197,0.0,usda,174198,"Fish, haddock, cooked, dry heat",90.0,90.0,0.0%,
half and half,1.3,0.117,0.041,0.029,0.0,usda,171255,"Cream, fluid, half and half",130.0,131,0.8%,
halibut,1.11,0.023,0.0,0.227,0.0,usda,174201,"Fish, halibut, Atlantic and Pacific, cooked, dry heat",111.0,111,0.0%,
hamburgers,2.54,0.135,0.24,0.138,0.01,usda,170328,"BURGER KING, Hamburger",254.0,261,2.8%,
hard boiled eggs,1.55,0.106,0.011,0.125,0.0,usda,173424,"Egg, whole, cooked, hard-boiled",155.0,155,0.0%,
havarti cheese,3.71,0.314,0.003,0.233,0.0,usda,172176,"Cheese, brick",371.0,371,0.0%,
herring,2.03,0.115,0.0,0.234,0.0,usda,175117,"Fish, herring, Atlantic, cooked, dry heat",203.0,203,0.0%,
hominy,0.72,0.01,0.155,0.015,0.021,usda,169701,"Hominy, canned, white",72.0,72.0,0.0%,
honeydew melons,0.36,0.001,0.091,0.005,0.008,usda,169911,"Melons, honeydew, raw",36.0,36.0,0.0%,
hot dogs,2.9,0.245,0.028,0.113,0.0,usda,174090,"Rolls, hamburger or hot dog, whole wheat",290.0,269,7.2%,
hummus,1.66,0.096,0.143,0.08,0.06,usda,172454,"Hummus, home prepared",166.0,177,6.6%,
ice cream cones,3.98,0.051,0.824,0.072,0.019,usda,175001,"Ice cream cones, sugar, rolled-type",398.0,402,1.0%,
ice creams,2.07,0.11,0.24,0.035,0.006,usda,168809,"Ice creams, chocolate",207.0,216,4.3%,
jalapenos,0.29,0.004,0.063,0.009,0.027,usda,168576,"Peppers, jalapeno, raw",29.0,29.0,0.0%,
jicama,0.38,0.001,0.088,0.007,0.049,usda,170074,"Yambean (jicama), cooked, boiled, drained, without salt",38.0,38.0,0.0%,
ketchup,1.12,0.002,0.274,0.013,0.003,usda,168556,Catsup,112.0,101,9.8%,
kiwi,0.61,0.005,0.148,0.011,0.03,usda,2710831,"Kiwifruit (kiwi), green, peeled, raw",61.0,65.1,6.7%,
lamb chops,2.94,0.212,0.0,0.252,0.0,usda,172636,"Lamb, New Zealand, imported, neck chops, separable lean and fat, cooked, braised",294.0,307,4.4%,
leeks,0.61,0.003,0.142,0.015,0.018,usda,169246,"Leeks, (bulb and lower leaf-portion), raw",61.0,61.0,0.0%,
lemon,0.29,0.003,0.093,0.011,0.028,usda,167746,"Lemons, raw, without peel",29.0,29.0,0.0%,
lemon juice,0.22,0.002,0.066,0.004,0.003,usda,167747,"Lemon juice, raw",22.0,22.0,0.0%,
lemonade,0.4,0.001,0.106,0.001,0.001,usda,173217,"Lemonade, frozen concentrate, white, prepared with water",40.0,40.0,0.0%,
lentils,1.16,0.004,0.201,0.09,0.079,usda,172421,"Lentils, mature seeds, cooked, boiled, without salt",116.0,116,0.0%,
light beer,0.29,0.0,0.018,0.002,0.0,usda,169572,"Alcoholic beverage, beer, light, BUD LIGHT",29.0,29.0,0.0%,
lima beans,1.15,0.004,0.209,0.079,0.07,usda,173802,"Lima beans, large, mature seeds, cooked, boiled, with salt",115.0,115,0.0%,
lobster,0.89,0.005,0.005,0.192,0.0,usda,174209,"Crustaceans, lobster, northern, cooked, moist heat",89.0,89.0,0.0%,
macadamia nuts,7.18,0.758,0.138,0.079,0.086,usda,170178,"Nuts, macadamia nuts, raw",718.0,718,0.0%,
macaroni,1.57,0.009,0.309,0.058,0.018,usda,173342,"Macaroni and cheese, frozen entree",157.0,149,5.1%,
macaroni and cheese,1.64,0.076,0.185,0.074,0.009,usda,173342,"Macaroni and cheese, frozen entree",164.0,149,9.1%,
mackerel,2.05,0.137,0.0,0.189,0.0,usda,175119,"Fish, mackerel, Atlantic, raw",205.0,205,0.0%,
mahi mahi,0.85,0.007,0.0,0.185,0.0,usda,2747658,"Mahi mahi, frozen, wild caught",85.0,83.7,1.5%,
mandarin oranges,0.53,0.003,0.134,0.008,0.018,usda,174854,"Beverages, carbonated, orange",53.0,48.0,9.4%,
maple syrup,2.6,0.001,0.67,0.0,0.0,usda,169661,"Syrups, maple",260.0,260,0.0%,
marshmallows,3.18,0.002,0.812,0.016,0.001,usda,167995,"Candies, marshmallows",318.0,318,0.0%,
mayonnaise,6.8,0.749,0.006,0.01,0.0,usda,171009,"Salad dressing, mayonnaise, regular",680.0,680,0.0%,
meatballs,2.21,0.114,0.072,0.182,0.005,usda,170709,"Fast foods, submarine sandwich, meatball marinara on white bread",221.0,219,0.9%,
mexican cheese,3.63,0.286,0.032,0.235,0.0,usda,173437,"Cheese, mexican, queso asadero",363.0,356,1.9%,
milk shakes,1.12,0.037,0.172,0.034,0.002,usda,170884,"Milk shakes, thick vanilla",112.0,112,0.0%,
millet,1.19,0.01,0.237,0.035,0.013,usda,168871,"Millet, cooked",119.0,119,0.0%,
mixed nuts,6.07,0.538,0.212,0.203,0.067,usda,169427,"Nuts, mixed nuts, oil roasted, with peanuts, lightly salted",607.0,607,0.0%,
mixed vegetables,0.65,0.003,0.134,0.026,0.04,usda,170472,"Vegetables, mixed, frozen, cooked, boiled, drained, without salt",65.0,65.0,0.0%,
mozzarella cheese,3.0,0.222,0.022,0.222,0.0,usda,170845,"Cheese, mozzarella, whole milk",300.0,299,0.3%,
muenster cheese,3.68,0.302,0.012,0.234,0.0,usda,172176,"Cheese, brick",368.0,371,0.8%,
muffins,3.4,0.103,0.559,0.055,0.018,usda,175004,"Muffins, corn, toaster-type",340.0,346,1.8%,
multigrain bread,2.65,0.044,0.46,0.107,0.058,usda,171852,"Bagels, multigrain",265.0,241,9.1%,
mussels,1.72,0.045,0.074,0.239,0.0,usda,174217,"Mollusks, mussel, blue, cooked, moist heat",172.0,172,0.0%,
mustard,0.6,0.034,0.054,0.037,0.032,usda,172234,"Mustard, prepared, yellow",60.0,60.0,0.0%,
mustard greens,0.27,0.004,0.047,0.028,0.032,usda,169256,"Mustard greens, raw",27.0,27.0,0.0%,
naan,2.9,0.06,0.502,0.089,0.021,usda,171845,"Bread, naan, plain, commercially prepared, refrigerated",290.0,291,0.3%,
nachos,3.06,0.164,0.318,0.083,0.03,usda,168863,"Snacks, tortilla chips, low fat, made with olestra, nacho cheese",306.0,318,3.9%,
nectar,0.58,0.001,0.142,0.003,0.002,usda,169107,"Papaya nectar, canned",58.0,57.0,1.7%,
nectarines,0.44,0.003,0.108,0.011,0.017,usda,169914,"Nectarines, raw",44.0,44.0,0.0%,
noodles,1.38,0.023,0.253,0.048,0.012,usda,169732,"Noodles, egg, enriched, cooked",138.0,138,0.0%,
nopales,0.16,0.001,0.034,0.013,0.022,usda,168571,"Nopales, raw",16.0,16.0,0.0%,
nutrition bars,3.94,0.13,0.545,0.15,0.05,usda,173550,"Child formula, ABBOTT NUTRITION, PEDIASURE, ready-to-feed, with iron and fiber",394.0,413,4.8%,
nuts,6.07,0.538,0.212,0.203,0.067,usda,2515374,"Nuts, cashew nuts, raw",607.0,565,6.9%,
oats,3.89,0.069,0.661,0.169,0.109,usda,2261421,"Flour, oat, whole grain",389.0,389,0.0%,
octopus,0.82,0.01,0.022,0.149,0.0,usda,174218,"Mollusks, octopus, common, raw",82.0,82.0,0.0%,
oil,8.84,1.0,0.0,0.0,0.0,usda,172336,"Oil, canola",884.0,884,0.0%,
okra,0.33,0.002,0.072,0.019,0.032,usda,169260,"Okra, raw",33.0,33.0,0.0%,
olive oil,8.84,1.0,0.0,0.0,0.0,usda,167737,"Oil, corn, peanut, and olive",884.0,884,0.0%,
olives,1.15,0.108,0.061,0.008,0.032,usda,168085,"OLIVE GARDEN, spaghetti with meat sauce",115.0,121,5.2%,
omelets,1.54,0.103,0.016,0.108,0.003,usda,172185,"Egg, whole, cooked, omelet",154.0,154,0.0%,
onion rings,3.32,0.177,0.383,0.043,0.019,usda,169021,"CRACKER BARREL, onion rings, thick-cut",332.0,327,1.5%,
orange,0.47,0.001,0.118,0.009,0.024,usda,174854,"Beverages, carbonated, orange",47.0,48.0,2.1%,
orange juice,0.45,0.002,0.103,0.007,0.002,usda,170961,"Babyfood, juice, orange and apricot",45.0,46.0,2.2%,
orange with peel,0.47,0.001,0.118,0.009,0.024,usda,167749,"Lemon peel, raw",47.0,47.0,0.0%,
oysters,0.81,0.026,0.037,0.091,0.0,usda,174219,"Mollusks, oyster, Pacific, raw",81.0,81.0,0.0%,
pancakes,2.27,0.065,0.375,0.06,0.012,usda,175047,"Pancakes, buttermilk, prepared from recipe",227.0,227,0.0%,
papayas,0.43,0.003,0.109,0.005,0.017,usda,169926,"Papayas, raw",43.0,43.0,0.0%,
parmesan cheese,4.31,0.286,0.033,0.381,0.0,usda,173431,"Cheese, parmesan, shredded",431.0,415,3.7%,
parsnips,0.75,0.003,0.18,0.012,0.049,usda,170508,"Parsnips, cooked, boiled, drained, with salt",75.0,71.0,5.3%,
pasta,1.31,0.012,0.25,0.051,0.018,usda,169728,"Pasta, fresh-refrigerated, plain, cooked",131.0,131,0.0%,
pasta sauce,0.56,0.016,0.089,0.018,0.021,usda,172266,"Babyfood, dinner, pasta with vegetables",56.0,60.0,7.1%,
pastrami,1.33,0.051,0.018,0.195,0.0,usda,172927,"Pastrami, turkey",133.0,139,4.5%,
pastries,4.18,0.225,0.482,0.058,0.013,usda,172753,"Danish pastry, cinnamon, enriched",418.0,403,3.6%,
pate nutrition,3.19,0.281,0.011,0.145,0.0,usda,172930,"Pate, liver, not specified, canned",319.0,319,0.0%,
peanut butter,5.88,0.503,0.2,0.252,0.06,usda,169869,"Peanut butter, reduced sodium",588.0,590,0.3%,
peanuts,5.67,0.492,0.161,0.258,0.085,usda,172434,"Peanuts, virginia, raw",567.0,563,0.7%,
pears,0.57,0.001,0.152,0.004,0.031,usda,746773,"Pears, raw, bartlett",57.0,57.0,0.0%,
peas,0.81,0.004,0.144,0.054,0.051,usda,170419,"Peas, green, raw",81.0,81.0,0.0%,
pecan pie,4.07,0.204,0.526,0.046,0.022,usda,172786,"Pie, pecan, prepared from recipe",407.0,412,1.2%,
pecans,6.91,0.72,0.139,0.091,0.097,usda,170182,"Nuts, pecans",691.0,691,0.0%,
pepperoni,4.94,0.44,0.04,0.227,0.0,usda,174575,"Pepperoni, beef and pork, sliced",494.0,504,2.0%,
pepperoni pizza,2.75,0.113,0.298,0.115,0.019,usda,173295,"Fast Food, Pizza Chain, 14"" pizza, pepperoni topping, regular crust",275.0,282,2.5%,
pesto,3.97,0.371,0.059,0.059,0.024,usda,171582,"Sauce, pesto, CLASSICO, basil pesto, ready-to-serve",397.0,372,6.3%,
pie crust,4.89,0.298,0.484,0.053,0.013,usda,175023,"Pie crust, standard-type, dry mix, prepared, baked",489.0,501,2.5%,
pine nuts,6.73,0.681,0.133,0.137,0.037,usda,170591,"Nuts, pine nuts, dried",673.0,673,0.0%,
pineapple,0.5,0.001,0.131,0.005,0.014,usda,169124,"Pineapple, raw, all varieties",50.0,50.0,0.0%,
pistachios,5.6,0.453,0.278,0.202,0.103,usda,170185,"Nuts, pistachio nuts, dry roasted, without salt added",560.0,572,2.1%,
pita bread,2.75,0.012,0.554,0.091,0.022,usda,174915,"Bread, pita, white, enriched",275.0,275,0.0%,
pizza,2.66,0.102,0.308,0.113,0.021,usda,172040,"PIZZA HUT 12"" Cheese Pizza, Hand-Tossed Crust",266.0,271,1.9%,
pizza dough,2.63,0.028,0.507,0.085,0.02,usda,172671,"Biscuits, mixed grain, refrigerated dough",263.0,263,0.0%,
pomegranate,0.83,0.012,0.187,0.017,0.04,usda,169134,"Pomegranates, raw",83.0,83.0,0.0%,
popcorn,3.87,0.044,0.779,0.127,0.145,usda,170246,"Snacks, popcorn, air-popped (Unsalted)",387.0,382,1.3%,
pork,2.42,0.141,0.0,0.271,0.0,usda,2514745,"Pork, ground, raw",242.0,228,5.8%,
pork chops,2.31,0.128,0.0,0.271,0.0,usda,167827,"Pork, fresh, loin, center loin (chops), bone-in, separable lean and fat, cooked, broiled",231.0,209,9.5%,
pot pies,2.0,0.105,0.21,0.061,0.012,usda,172093,"Beef Pot Pie, frozen entree, prepared",200.0,220,10.0%,
potato bread,2.66,0.033,0.491,0.085,0.027,usda,172678,"Bread, oatmeal",266.0,269,1.1%,
potato chips,5.36,0.349,0.499,0.067,0.045,usda,170649,"Snacks, potato chips, plain, unsalted",536.0,536,0.0%,
potato salad,1.43,0.069,0.178,0.028,0.012,usda,169269,"Potato salad, home-prepared",143.0,143,0.0%,
potato skins,2.08,0.072,0.348,0.042,0.037,usda,170113,"Potatoes, baked, skin only, with salt",208.0,198,4.8%,
pretzels,3.8,0.032,0.795,0.091,0.028,usda,170249,"Snacks, pretzels, hard, plain, made with enriched flour, unsalted",380.0,381,0.3%,
protein powder,3.81,0.038,0.1,0.75,0.0,usda,173167,"Beverages, ABBOTT, EAS whey protein powder",381.0,385,1.0%,
provolone cheese,3.51,0.268,0.024,0.254,0.0,usda,2647440,"Cheese, provolone, sliced",351.0,357,1.7%,
puddings,1.2,0.034,0.204,0.027,0.002,usda,168782,"Puddings, rice, ready-to-eat",120.0,108,10.0%,
pumpkin seeds,5.59,0.49,0.108,0.3,0.06,usda,2515380,"Seeds, pumpkin seeds (pepitas), raw",559.0,555,0.7%,
pumpkins,0.26,0.001,0.065,0.01,0.005,usda,168448,"Pumpkin, raw",26.0,26.0,0.0%,
quinoa,1.2,0.019,0.214,0.044,0.028,usda,168917,"Quinoa, cooked",120.0,120,0.0%,
raisin bran,3.31,0.03,0.78,0.078,0.08,usda,172996,"Cereals ready-to-eat, MALT-O-MEAL, Raisin Bran Cereal",331.0,342,3.3%,
raisin bread,2.74,0.044,0.522,0.079,0.027,usda,172680,"Bread, raisin, enriched",274.0,274,0.0%,
raisins,2.99,0.005,0.792,0.031,0.037,usda,168166,"Raisins, seeded",299.0,296,1.0%,
raspberries,0.52,0.007,0.119,0.012,0.065,usda,167755,"Raspberries, raw",52.0,52.0,0.0%,
ravioli,1.68,0.049,0.251,0.073,0.015,usda,169036,"CARRABBA'S ITALIAN GRILL, cheese ravioli with marinara sauce",168.0,156,7.1%,
red potatoes,0.72,0.001,0.159,0.019,0.015,usda,170029,"Potatoes, red, flesh and skin, raw",72.0,70.0,2.8%,
refried beans,0.99,0.031,0.139,0.053,0.044,usda,175207,"Chili with beans, canned",99.0,103,4.0%,
relish,1.3,0.005,0.326,0.004,0.01,usda,168561,"Pickle relish, sweet",130.0,130,0.0%,
ribs,2.9,0.195,0.0,0.268,0.0,usda,173406,"Beef, rib, back ribs, bone-in, separable lean and fat, trimmed to 0"" fat, select, raw",290.0,305,5.2%,
rice cakes,3.87,0.029,0.817,0.081,0.014,usda,170250,"Snacks, rice cakes, brown rice, plain, unsalted",387.0,387,0.0%,
rice noodles,1.09,0.002,0.249,0.008,0.01,usda,168907,"Noodles, japanese, soba, cooked",109.0,99.0,9.2%,
roast beef,2.1,0.091,0.0,0.302,0.0,usda,171216,"Beef, chuck eye roast, boneless, America's Beef Roast, separable lean and fat, trimmed to 0"" fat, select, cooked, roasted",210.0,229,9.0%,
roast chicken,1.9,0.074,0.0,0.289,0.0,usda,173639,"Chicken, roasting, dark meat, meat only, cooked, roasted",190.0,178,6.3%,
roast turkey,1.7,0.05,0.0,0.292,0.0,usda,171095,"Turkey, fryer-roasters, meat and skin, cooked, roasted",170.0,172,1.2%,
rolls,2.93,0.057,0.509,0.095,0.024,usda,175029,"Rolls, dinner, rye",293.0,286,2.4%,
romano cheese,3.87,0.268,0.038,0.319,0.0,usda,171249,"Cheese, romano",387.0,387,0.0%,
root beer,0.41,0.0,0.107,0.0,0.0,usda,171871,"Beverages, carbonated, root beer",41.0,41.0,0.0%,
rosemary,1.31,0.059,0.207,0.033,0.143,usda,173473,"Rosemary, fresh",131.0,131,0.0%,
rum,2.31,0.0,0.0,0.0,0.0,usda,174817,"Alcoholic beverage, distilled, rum, 80 proof",231.0,231,0.0%,
rye bread,2.59,0.033,0.481,0.085,0.058,usda,172684,"Bread, rye",259.0,259,0.0%,
salad dressing,2.1,0.185,0.105,0.008,0.003,usda,171404,"Salad dressing, french dressing, reduced fat",210.0,222,5.7%,
salami,3.36,0.258,0.016,0.228,0.0,usda,172936,"Salami, cooked, beef and pork",336.0,336,0.0%,
salsa,0.36,0.002,0.075,0.014,0.015,usda,171824,"Sauce, salsa, verde, ready-to-serve",36.0,38.0,5.6%,
salt,0.0,0.0,0.0,0.0,0.0,usda,170527,"Pumpkin, canned, with salt",0.0,34.0,0.0%,
sandwich cookies,4.78,0.196,0.715,0.047,0.014,usda,172737,"Cookies, vanilla sandwich with creme filling",478.0,483,1.0%,
sandwiches,2.28,0.092,0.26,0.11,0.015,usda,170791,"ARBY'S, roast beef sandwich, classic",228.0,242,6.1%,
sardines,2.08,0.114,0.0,0.249,0.0,usda,175139,"Fish, sardine, Atlantic, canned in oil, drained solids with bone",208.0,208,0.0%,
sauerkraut,0.19,0.001,0.043,0.009,0.029,usda,169279,"Sauerkraut, canned, solids and liquids",19.0,19.0,0.0%,
scallops,0.69,0.005,0.032,0.122,0.0,usda,174220,"Mollusks, scallop, mixed species, raw",69.0,69.0,0.0%,
scrambled eggs,1.49,0.107,0.015,0.102,0.0,usda,172187,"Egg, whole, cooked, scrambled",149.0,149,0.0%,
seeds,5.63,0.472,0.173,0.226,0.085,usda,2515380,"Seeds, pumpkin seeds (pepitas), raw",563.0,555,1.4%,
shrimp,0.99,0.003,0.009,0.209,0.0,usda,171972,"Crustaceans, shrimp, mixed species, canned",99.0,100,1.0%,
skim milk,0.35,0.002,0.05,0.034,0.0,usda,171270,"Milk, nonfat, fluid, with added nonfat milk solids, vitamin A and vitamin D (fat free or skim)",35.0,37.0,5.7%,
smoked salmon,1.17,0.042,0.0,0.184,0.0,usda,173687,"Fish, salmon, chinook, smoked",117.0,117,0.0%,
snapper,1.0,0.014,0.0,0.203,0.0,usda,173698,"Fish, snapper, mixed species, raw",100.0,100,0.0%,
snow peas,0.42,0.002,0.076,0.028,0.026,usda,170012,"Peas, edible-podded, frozen, unprepared",42.0,42.0,0.0%,
soft serve ice creams,2.22,0.13,0.222,0.04,0.003,usda,167981,"Ice creams, french vanilla, soft-serve",222.0,222,0.0%,
sour cream,1.98,0.197,0.029,0.024,0.0,usda,171257,"Cream, sour, cultured",198.0,198,0.0%,
sourdough bread,2.74,0.035,0.509,0.089,0.022,usda,172675,"Bread, french or vienna (includes sourdough)",274.0,272,0.7%,
soy milk,0.54,0.018,0.06,0.033,0.004,usda,174277,Soy sauce made from soy and wheat (shoyu),54.0,53.0,1.9%,
soy sauce,0.53,0.001,0.049,0.081,0.008,usda,174277,Soy sauce made from soy and wheat (shoyu),53.0,53.0,0.0%,
spaghetti,1.31,0.012,0.25,0.051,0.018,usda,168912,"Spaghetti, spinach, cooked",131.0,130,0.8%,
spreads,3.49,0.3,0.16,0.035,0.005,usda,171035,"Margarine-like spread, BENECOL Light Spread",349.0,357,2.3%,
squash,0.34,0.004,0.075,0.012,0.015,usda,169298,"Squash, winter, spaghetti, raw",34.0,31.0,8.8%,
squid,0.92,0.014,0.031,0.158,0.0,usda,174223,"Mollusks, squid, mixed species, raw",92.0,92.0,0.0%,
stout beer,0.48,0.0,0.04,0.005,0.0,usda,174145,"Alcoholic beverage, beer, light, higher alcohol",48.0,46.0,4.2%,
string cheese,3.0,0.222,0.022,0.222,0.0,usda,172178,"Cheese, camembert",300.0,300,0.0%,
strudels,2.74,0.085,0.45,0.038,0.012,usda,175032,"Strudel, apple",274.0,274,0.0%,
stuffing,1.77,0.074,0.236,0.039,0.025,usda,172693,"Bread, stuffing, cornbread, dry mix, prepared",177.0,179,1.1%,
succotash,1.05,0.008,0.212,0.046,0.043,usda,169300,"Succotash, (corn and limas), raw",105.0,99.0,5.7%,
sugar,3.87,0.0,0.998,0.0,0.0,usda,169655,"Sugars, granulated",387.0,387,0.0%,
sun dried tomatoes,2.58,0.029,0.557,0.143,0.122,usda,168567,"Tomatoes, sun-dried",258.0,258,0.0%,
sundaes,2.1,0.08,0.31,0.035,0.005,usda,173275,"Fast foods, sundae, caramel",210.0,196,6.7%,
sunflower seeds,5.84,0.514,0.2,0.207,0.086,usda,170562,"Seeds, sunflower seed kernels, dried",584.0,584,0.0%,
sweet potato,0.86,0.001,0.201,0.016,0.03,usda,168485,"Sweet potato, canned, vacuum pack",86.0,91.0,5.8%,
sweet rolls,3.17,0.093,0.537,0.065,0.014,usda,174107,"Rolls, dinner, sweet",317.0,321,1.3%,
swordfish,1.44,0.048,0.0,0.237,0.0,usda,173703,"Fish, swordfish, raw",144.0,144,0.0%,
syrup,2.6,0.001,0.67,0.0,0.0,usda,169661,"Syrups, maple",260.0,260,0.0%,
taco shells,4.8,0.222,0.585,0.069,0.051,usda,175067,"Taco shells, baked, without added salt",480.0,468,2.5%,
tacos,2.26,0.107,0.183,0.114,0.025,usda,170733,"TACO BELL, Soft Taco with steak",226.0,225,0.4%,
tahini,5.95,0.536,0.215,0.17,0.093,usda,170189,"Seeds, sesame butter, tahini, from roasted and toasted kernels (most common type)",595.0,595,0.0%,
tamales,1.8,0.085,0.188,0.068,0.02,usda,168067,"Restaurant, Latino, tamale, pork",180.0,174,3.3%,
tea,0.01,0.0,0.003,0.0,0.0,usda,174156,"Beverages, tea, herb, brewed, chamomile",1.0,1.0,0.0%,
tempeh,1.92,0.108,0.095,0.201,0.04,usda,174272,Tempeh,192.0,192,0.0%,
thyme,1.01,0.016,0.243,0.056,0.14,usda,173470,"Thyme, fresh",101.0,101,0.0%,
tilapia,1.28,0.023,0.0,0.261,0.0,usda,175177,"Fish, tilapia, cooked, dry heat",128.0,128,0.0%,
toast,3.13,0.05,0.545,0.107,0.035,usda,172674,"Bread, egg, toasted",313.0,315,0.6%,
tortellini,2.91,0.072,0.468,0.118,0.02,usda,172094,"Tortellini, pasta with cheese filling, fresh-refrigerated, as purchased",291.0,307,5.5%,
tortilla,2.37,0.059,0.42,0.063,0.036,usda,167656,Corned beef and potatoes in tortilla (Apache),237.0,224,5.5%,
tortilla chips,4.89,0.236,0.589,0.072,0.045,usda,167970,"Snacks, tortilla chips, taco-flavor",489.0,480,1.8%,
trail mix,4.62,0.289,0.44,0.137,0.038,usda,167561,"Snacks, trail mix, regular",462.0,462,0.0%,
trout,1.48,0.067,0.0,0.208,0.0,usda,175153,"Fish, trout, mixed species, raw",148.0,148,0.0%,
tuna,1.32,0.045,0.0,0.232,0.0,usda,172005,"Fish, tuna, skipjack, fresh, cooked, dry heat",132.0,132,0.0%,
tuna salad,1.87,0.096,0.093,0.159,0.003,usda,175160,"Fish, tuna salad",187.0,187,0.0%,
turkey,1.7,0.05,0.0,0.292,0.0,usda,172937,"Salami, cooked, turkey",170.0,172,1.2%,
turkey bacon,2.18,0.14,0.016,0.218,0.0,usda,173857,"Bologna, turkey",218.0,209,4.1%,
turkey breast,1.35,0.017,0.0,0.299,0.0,usda,171501,"Turkey breast, pre-basted, meat and skin, cooked, roasted",135.0,126,6.7%,
turnips,0.28,0.001,0.062,0.009,0.018,usda,170465,"Turnips, raw",28.0,28.0,0.0%,
veal,1.72,0.063,0.0,0.283,0.0,usda,175291,"Veal, ground, cooked, broiled",172.0,172,0.0%,
vegetable juice,0.22,0.001,0.047,0.006,0.006,usda,167708,"Tomato and vegetable juice, low sodium",22.0,22.0,0.0%,
vegetable oil,8.84,1.0,0.0,0.0,0.0,usda,172370,"Oil, vegetable, soybean, refined",884.0,884,0.0%,
veggie burgers,1.8,0.068,0.181,0.134,0.04,usda,170700,"BURGER KING, Vanilla Shake",180.0,168,6.7%,
vinegar,0.18,0.0,0.004,0.0,0.0,usda,172237,"Vinegar, distilled",18.0,18.0,0.0%,
vodka,2.31,0.0,0.0,0.0,0.0,usda,174815,"Alcoholic beverage, distilled, all (gin, rum, vodka, whiskey) 80 proof",231.0,231,0.0%,
wafers,4.8,0.2,0.68,0.06,0.01,usda,172736,"Cookies, sugar wafers with creme filling, regular",480.0,502,4.6%,
waffles,2.91,0.097,0.442,0.076,0.015,usda,167518,"Waffle, buttermilk, frozen, ready-to-heat, microwaved",291.0,289,0.7%,
walnuts,6.54,0.652,0.137,0.152,0.067,usda,170186,"Nuts, walnuts, black, dried",654.0,619,5.4%,
water,0.0,0.0,0.0,0.0,0.0,usda,174859,"Lemonade, powder, prepared with water",0.0,14.0,0.0%,
wheat beer,0.45,0.0,0.038,0.005,0.0,usda,168746,"Alcoholic beverage, beer, regular, all",45.0,43.0,4.4%,
wheat berry,3.39,0.019,0.713,0.131,0.125,usda,169721,"Wheat, durum",339.0,339,0.0%,
wheat bread,2.47,0.036,0.462,0.098,0.06,usda,174091,"Bread, french or vienna, whole wheat",247.0,239,3.2%,
white beans,1.39,0.006,0.251,0.094,0.063,usda,175203,"Beans, white, mature seeds, cooked, boiled, without salt",139.0,139,0.0%,
white bread,2.66,0.032,0.491,0.089,0.027,usda,172818,"Bread, white, commercially prepared, low sodium, no salt",266.0,267,0.4%,
white rice,1.3,0.003,0.281,0.027,0.004,usda,168880,"Rice, white, medium-grain, enriched, cooked",130.0,130,0.0%,
white wine,0.82,0.0,0.027,0.001,0.0,usda,174837,"Alcoholic beverage, wine, table, white",82.0,82.0,0.0%,
whole wheat bread,2.47,0.036,0.434,0.107,0.065,usda,174091,"Bread, french or vienna, whole wheat",247.0,239,3.2%,
wild rice,1.01,0.003,0.214,0.04,0.018,usda,168897,"Wild rice, cooked",101.0,101,0.0%,
wine,0.83,0.0,0.027,0.001,0.0,usda,171908,"Alcoholic beverages, wine, rose",83.0,83.0,0.0%,
yam,1.18,0.002,0.278,0.015,0.04,usda,170072,"Yam, cooked, boiled, drained, or baked, without salt",118.0,116,1.7%,
zucchini,0.17,0.003,0.031,0.012,0.01,usda,168470,"Squash, summer, zucchini, includes skin, frozen, cooked, boiled, drained, without salt",17.0,17.0,0.0%,
